sitenum,site,transect,genus,species,size,,
1,L,1,Chlorurus,sordidus,15,,
1,L,1,Chlorurus,sordidus,16,,
1,L,1,Chlorurus,sordidus,17,,
1,L,1,Chlorusus,sordidus,13,,
1,L,1,Chlorurus,sordidus,14,,
1,L,1,Chlorurus,sordidus,15,,
1,L,1,Chlorurus,sordidus,15,,
1,L,1,Chlorurus,sordidus,17,,
1,L,1,Scarus,rivulatus,19,,
1,L,1,Scarus,niger,17,,
1,L,1,Scarus,rivulatus,21,,
1,L,1,Scarus,niger,21,,
1,L,1,Scarus,globiceps,8,?,
1,L,1,Scarus,psittacus,18,,
1,L,1,Chlorurus,sordidus,17,,
1,L,1,Scarus,rubroviolaceus,16,,
1,L,1,Chlorurus,rubroviolaceus,18,,
1,L,1,Chlorurus,japanensis,17,,
1,L,1,Chlorurus,japanensis,16,,
1,L,1,Chlorurus,japanensis,16,,
1,L,1,Chlorurus,japanensis,15,,
1,L,1,Scarus,niger,13,,
1,L,1,Scarus,niger,12,,
1,L,1,Scarus,niger,13,,
1,L,1,Chlorurus,japanensis,15,,
1,L,1,Chlorurus,japanensis,19,? 1:12,
1,L,1,Chlorurus,japanensis,20,? 1:12,
1,L,1,Calotomus,carolinus,20,?1:12,
1,L,2,Chlorurus,bleekeri,27,,
1,L,2,Chlorurus,sordidus,15,,
1,L,2,Chlorurus,sordidus,14,,
1,L,2,Chlorurus,sordidus,14,,
1,L,2,Scarus,niger,16,,
1,L,2,Chlorurus,sordidus,16,,
1,L,2,Chlorurus,sordidus,19,,
1,L,2,Chlorurus,sordidus,23,,
1,L,2,Scarus,globiceps,10,? 0:40,
1,L,2,Chlorurus,japanensis,25,,
1,L,2,Chlorurus,sordidus,17,,
1,L,2,Chlorurus,sordidus,19,,
1,L,2,Chlorurus,sordidus,14,,
1,L,2,Scarus,niger,17,,
1,L,2,Calotomus,carolinus,22,?,
1,L,2,Scarus,frenatus,20,,
1,L,3,Chlorurus,japanensis,25,,
1,L,3,Scarus,rubroviolaceus,26,,
1,L,3,Chlorurus,sordidus,22,,
1,L,3,Chlorurus,sordidus,17,,
1,L,3,Chlorurus,sordidus,24,,
1,L,3,Chlorurus,sordidus,13,,
1,L,3,Scarus,globiceps,20,,
1,L,3,Chlorurus,sordidus,15,,
1,L,3,Chlorurus,sordidus,22,,
1,L,3,Chlorurus,sordidus,18,,
1,L,3,Chlorurus,sordidus,26,,
1,L,3,Chlorurus,sordidus,18,,
1,L,4,Chlorurus,japanensis,17,,
1,L,4,Scarus,niger,18,,
1,L,4,Chlorurus,sordidus,16,,
1,L,4,Chlorurus,sordidus,16,,
1,L,4,Chlorurus,sordidus,17,,
1,L,4,Chlorurus,sordidus,15,,
1,L,4,Chlorurus,japanensis,17,,
1,L,4,Chlorurus,sordidus,15,,
1,L,4,Chlorurus,sordidus,15,,
1,L,5,Chlorurus,sordidus,14,,
1,L,5,Chlorurus,sordidus,15,,
1,L,5,Chlorurus,sordidus,21,,
1,L,5,Chlorurus,sordidus,22,,
1,L,5,Chlorurus,sordidus,22,,
1,L,5,Chlorurus,sordidus,14,,
1,L,5,Chlorurus,globiceps,19,,
1,L,5,Calotomus,carolinus,18,?,
1,L,5,Chlorurus,sordidus,13,,
1,L,5,Chlorurus,sordidus,14,,
1,L,5,Chlorurus,sordidus,14,,
1,L,5,Chlorurus,sordidus,19,,
1,L,6,Chlorurus,sordidus,14,,
1,L,6,Chlorurus,sordidus,15,,
1,L,6,Chlorurus,sordidus,14,,
1,L,6,Scarus,globiceps,16,,
1,L,6,Scarus,globiceps,17,,
1,L,6,Chlorurus,sordidus,20,,
1,L,6,Chlorurus,sordidus,15,,
1,L,6,Chlorurus,sordidus,13,,
1,L,6,Chlorurus,sordidus,14,,
1,L,6,Chlorurus,sordidus,14,,
1,L,6,Chlorurus,sordidus,14,,
1,L,6,Chlorurus,sordidus,21,,
1,L,6,Chlorurus,japanensis,22,,
2,K,1,Scarus,frenatus,23,,
2,K,1,Chlorurus,sordidus,15,,
2,K,1,Chlorurus,bleekeri,25,,
2,K,1,Chlorurus,sordidus,22,,
2,K,2,Chlorurus,sordidus,13,,
2,K,2,Chlorurus,sordidus,14,,
2,K,2,Scarus,oviceps,19,,
2,K,2,Chlorurus,sordidus,22,,
2,K,3,Chlorurus,japanensis,23,,
2,K,4,Chlorurus,japanensis,25,,
2,K,4,Chlorurus,japanensis,21,,
2,K,4,Chlorurus,japanensis,21,,
2,K,4,Chlorurus,sordidus,21,,
2,K,4,Chlorurus,sordidus,16,,
2,K,4,Chlorurus,sordidus,16,,
2,K,4,Chlorurus,sordidus,17,,
2,K,4,Chlorurus,sordidus,15,,
2,K,4,Chlorurus,sordidus,16,,
2,K,4,Chlorurus,japanensis,20,,
2,K,4,Chlorurus,japanensis,20,,
2,K,4,Scarus,rubroviolaceus,39,,
2,K,4,Calotomus,carolinus,32,,
2,K,5,Chlorurus,japanensis,20,,
2,K,5,Chlorurus,japanensis,21,,
2,K,5,Chlorurus,sordidus,22,,
2,K,5,Chlorurus,japanensis,26,,
2,K,5,Chlorurus,japanensis,27,,
2,K,5,Scarus,rubroviolaceus,21,,
2,K,5,Chlorurus,sordidus,17,,
2,K,5,Chlorurus,japanensis,22,,
2,K,5,Chlorurus,japanensis,19,,
2,K,5,Chlorurus,sordidus,22,,
2,K,5,Scarus,rubroviolaceus,23,,
2,K,5,Chlorurus,sordidus,22,,
2,K,5,Chlorurus,sordidus,15,,
2,K,5,Chlorurus,japanensis,22,,
2,K,5,Chlorurus,japanensis,25,,
2,K,5,Scarus,frenatus,17,,
2,K,5,Chlorurus,japanensis,26,,
2,K,5,Chlorurus,japanensis,19,,
2,K,5,Chlorurus,japanensis,21,,
2,K,5,Scarus,frenatus,21,,
2,K,5,Chlorurus,japanensis,20,,
2,K,5,Chlorurus,sordidus,17,,
2,K,5,Chlorurus,japanensis,20,,
2,K,5,Chlorurus,sordidus,22,,
2,K,5,Chlorurus,sordidus,15,,
2,K,5,Scarus,frenatus,18,,
2,K,5,Scarus,spinus,19,,
2,K,5,Chlorurus,japanensis,19,,
2,K,5,Chlorurus,sordidus,24,,
2,K,5,Chlorurus,japanensis,25,,
2,K,5,Scarus,frenatus,17,,
2,K,5,Scarus,frenatus,20,,
2,K,5,Scarus,frenatus,21,,
2,K,5,Chlorurus,japanensis,19,,
2,K,5,Chlorurus,sordidus,16,,
2,K,5,Chlorurus,sordidus,14,,
2,K,5,Calotomus,carolinus,18,,
2,K,6,Chlorurus,sordidus,15,,
2,K,6,Chlorurus,sordidus,13,,
2,K,6,Chlorurus,japanensis,25,,
2,K,6,Chlorurus,japanensis,23,,
3,H,1,na,na,na,,
3,H,2,na,na,na,,
3,H,3,na,na,na,,
3,H,4,na,na,na,,
3,H,5,na,na,na,,
3,H,6,na,na,na,,
4,I,1,na,na,na,,
4,I,2,na,na,na,,
4,I,3,Chlorurus,sordidus,14,,
4,I,3,Chlorurus,sordidus,15,,
4,I,3,Chlorurus,sordidus,16,,
4,I,3,Chlorurus,sordidus,16,,
4,I,3,Chlorurus,sordidus,15,,
4,I,3,Chlorurus,sordidus,14,,
4,I,4,Scarus,globiceps,15,,
4,I,4,Scarus,schlegeli,15,,
4,I,4,Scarus,globiceps,14,,
4,I,5,na,na,na,,
4,I,6,na,na,na,,
5,S,1,Scarus,globiceps,15,,
5,S,2,na,na,na,,
5,S,3,Scarus,spinus,16,?0:35,
5,S,3,Scarus,spinus,15,,
5,S,4,Chlorurus,sordidus,23,,
5,S,4,Chlorurus,sordidus,22,,
5,S,4,Chlorurus,sordidus,17,,
5,S,4,Chlorurus,sordidus,16,,
5,S,4,Chlorurus,sordidus,15,,
5,S,4,Chlorurus,sordidus,14,,
5,S,4,Chlorurus,sordidus,15,,
5,S,4,Chlorurus,sordidus,16,,
5,S,4,Chlorurus,sordidus,17,,
5,S,4,Chlorurus,sordidus,17,,
5,S,4,Scarus,globiceps,15,,
5,S,4,Scarus,globiceps,16,,
5,S,5,na,na,na,,
5,S,6,na,na,na,,
6,N,1,Chlorurus,sordidus,15,,
6,N,1,Scarus,rubroviolaceus,23,,
6,N,2,Chlorurus,sordidus,16,,
6,N,3,na,na,na,,
6,N,4,na,na,na,,
6,N,5,na,na,na,,
6,N,6,Chlorurus,sordidus,23,,
6,N,6,Chlorurus,sordidus,23,,
7,D,1,na,na,na,,
7,D,2,na,na,na,,
7,D,3,Chlorurus,microrhinos,38,,
7,D,3,Hipposcarus,Longiceps,45,,
7,D,3,Scarus,rubroviolaceus,48,,
7,D,3,Chlorurus,japanensis,24,? 0:34,
7,D,3,Chlorurus,japanensis,23,?,
7,D,3,Chlorurus,japanensis,22,?,
7,D,3,Chlorurus,japanensis,27,,
7,D,3,Chlorurus,sordidus,24,,
7,D,4,Chlorurus,sordidus,24,,
7,D,5,Chlorurus,microrhinos,36,,
7,D,5,Chlorurus,microrhinos,38,,
7,D,5,Chlorurus,microrhinos,39,,
7,D,5,Chlorurus,microrhinos,38,,
7,D,5,Chlorurus,microrhinos,35,,
7,D,5,Chlorurus,microrhinos,40,,
7,D,5,Chlorurus,microrhinos,39,,
7,D,5,Scarus,rubroviolaceus,34,,
7,D,5,Chlorurus,microrhinos,48,,
7,D,5,Chlorurus,microrhinos,35,,
7,D,5,Chlorurus,microrhinos,36,,
7,D,5,Chlorurus,microrhinos,38,,
7,D,5,Chlorurus,microrhinos,39,,
7,D,6,Scarus,rubroviolaceus,46,,
7,D,6,Scarus,rubroviolaceus,32,,
7,D,6,Scarus,rubroviolaceus,35,,
7,D,6,Scarus,rubroviolaceus,38,,
7,D,6,Scarus,rubroviolaceus,39,,
7,D,6,Scarus,rubroviolaceus,41,,
7,D,6,Scarus,rubroviolaceus,40,,
7,D,6,Scarus,rubroviolaceus,35,,
7,D,6,Scarus,oviceps,22,,
7,D,6,Scarus,niger,23,,
8,E,1,Chlorurus,sordidus,14,,
8,E,1,Chlorurus,sordidus,15,,
8,E,1,Chlorurus,sordidus,16,,
8,E,1,Chlorurus,sordidus,14,,
8,E,1,Chlorurus,sordidus,14,,
8,E,1,Chlorurus,sordidus,15,,
8,E,1,Scarus,psittacus,13,?0:35,
8,E,1,Chlorurus,sordidus,13,,
8,E,2,na,na,na,,
8,E,3,Chlorurus,sordidus,16,,
8,E,3,Chlorurus,sordidus,17,,
8,E,3,Scarus,spinus,18,,
8,E,3,Chlorurus,sordidus,16,,
8,E,3,Chlorurus,sordidus,16,,
8,E,3,Scarus,rubroviolaceus,34,,
8,E,4,Scarus,rubroviolaceus,34,,
8,E,4,Scarus,rubroviolaceus,39,,
8,E,4,Scarus,rubroviolaceus,37,,
8,E,4,Scarus,rubroviolaceus,38,,
8,E,4,Chlorurus,sordidus,19,,
8,E,4,Chlorurus,sordidus,18,,
8,E,4,Chlorurus,sordidus,16,,
8,E,4,Chlorurus,sordidus,16,,
8,E,4,Chlorurus,sordidus,15,,
8,E,4,Chlorurus,sordidus,17,,
8,E,4,Scarus,dimidiatus,16,,
8,E,4,Chlorurus,sordidus,25,,
8,E,4,Chlorurus,sordidus,18,,
8,E,4,Chlorurus,sordidus,15,,
8,E,4,Chlorurus,sordidus,17,,
8,E,4,Chlorurus,sordidus,18,,
8,E,5,Chlorurus,japanensis,21,,
8,E,6,na,na,na,,
9,R,1,Scarus,globiceps,22,,
9,R,1,Scarus,rubroviolaceus,31,,
9,R,1,Scarus,globiceps,24,,
9,R,1,Scarus,globiceps,25,,
9,R,1,Scarus,niger,23,,
9,R,1,Scarus,globiceps,26,,
9,R,1,Scarus,globiceps,27,,
9,R,2,Scarus,frenatus,23,,
9,R,2,Scarus,globiceps,18,,
9,R,2,Scarus,globiceps,19,,
9,R,2,Scarus,globiceps,18,,
9,R,2,Scarus,psittacus,17,,
9,R,2,Scarus,psittacus,18,,
9,R,2,Scarus,rubroviolaceus,35,,
9,R,2,Chlorurus,sordidus,16,,
9,R,2,Scarus,niger,18,,
9,R,2,Scarus,niger,24,?,0:58
9,R,3,Chlorurus,sordidus,21,,
9,R,3,Chlorurus,sordidus,17,,
9,R,4,Scarus,psittacus,23,,
9,R,4,Chlorurus,sordidus,24,,
9,R,5,Scarus,globiceps,24,,
9,R,5,Scarus,globiceps,21,,
9,R,5,Scarus,globiceps,22,,
9,R,5,Scarus,globiceps,23,,
9,R,5,Scarus,globiceps,24,,
9,R,5,Scarus,globiceps,21,,
9,R,5,Scarus,globiceps,23,,
9,R,5,Scarus,globiceps,24,,
9,R,5,Scarus,globiceps,22,,
9,R,5,Scarus,globiceps,23,,
9,R,5,Scarus,psittacus,24,,
9,R,5,Scarus,rubroviolaceus,18,,
9,R,5,Scarus,psittacus,23,,
9,R,5,Scarus,psittacus,26,,
9,R,5,Chlorurus,sordidus,17,,
9,R,5,Chlorurus,sordidus,18,,
9,R,5,Chlorurus,sordidus,20,,
9,R,6,Scarus,rubroviolaceus,31,,
9,R,6,Scarus,globiceps,23,,
9,R,6,Scarus,psittacus,25,,
9,R,6,Scarus,globiceps,22,,
9,R,6,Scarus,globiceps,23,,
9,R,6,Scarus,psittacus,24,,
9,R,6,Scarus,globiceps,24,,
9,R,6,Scarus,globiceps,19,,
9,R,6,Scarus,psittacus,21,,
9,R,6,Scarus,psittacus,23,,
10,M,1,Chlorurus,sordidus,16,,
10,M,1,Chlorurus,sordidus,22,,
10,M,2,Scarus,rubroviolaceus,19,,
10,M,2,Scarus,globiceps,15,,
10,M,2,Chlorurus,sordidus,14,,
10,M,2,Chlorurus,sordidus,21,,
10,M,2,Chlorurus,sordidus,18,,
10,M,3,Chlorurus,sordidus,21,,
10,M,3,Chlorurus,sordidus,20,,
10,M,3,Chlorurus,sordidus,20,,
10,M,3,Chlorurus,sordidus,21,,
10,M,3,Chlorurus,sordidus,21,,
10,M,3,Chlorurus,sordidus,22,,
10,M,3,Chlorurus,sordidus,23,,
10,M,3,Chlorurus,sordidus,21,,
10,M,3,Chlorurus,sordidus,19,,
10,M,3,Chlorurus,sordidus,18,,
10,M,3,Chlorurus,sordidus,21,,
10,M,3,Chlorurus,sordidus,21,,
10,M,3,Chlorurus,sordidus,21,,
10,M,3,Chlorurus,sordidus,21,,
10,M,3,Chlorurus,sordidus,20,,
10,M,3,Chlorurus,sordidus,21,,
10,M,3,Chlorurus,sordidus,22,,
10,M,3,Chlorurus,sordidus,23,,
10,M,3,Chlorurus,sordidus,21,,
10,M,3,Chlorurus,sordidus,21,,
10,M,3,Chlorurus,sordidus,21,,
10,M,3,Chlorurus,sordidus,21,,
10,M,3,Chlorurus,sordidus,21,,
10,M,3,Chlorurus,sordidus,21,,
10,M,3,Chlorurus,sordidus,21,,
10,M,3,Chlorurus,sordidus,21,,
10,M,3,Chlorurus,sordidus,21,,
10,M,3,Chlorurus,sordidus,21,,
10,M,3,Chlorurus,sordidus,21,,
10,M,3,Chlorurus,sordidus,21,,
10,M,3,Chlorurus,sordidus,21,,
10,M,3,Chlorurus,sordidus,21,,
10,M,3,Chlorurus,sordidus,21,,
10,M,3,Chlorurus,sordidus,21,,
10,M,3,Chlorurus,sordidus,21,,
10,M,3,Chlorurus,sordidus,21,,
10,M,3,Chlorurus,sordidus,21,,
10,M,3,Chlorurus,sordidus,21,,
10,M,3,Chlorurus,sordidus,21,,
10,M,3,Chlorurus,sordidus,21,,
10,M,3,Chlorurus,sordidus,21,,
10,M,3,Chlorurus,sordidus,21,,
10,M,3,Chlorurus,sordidus,21,,
10,M,3,Chlorurus,sordidus,21,,
10,M,3,Scarus,altipinnis,27,,
10,M,3,Scarus,altipinnis,35,,
10,M,3,Chlorurus,microrhinos,44,,
10,M,3,Scarus,globiceps,24,,
10,M,3,Scarus,frenatus,23,,
10,M,3,Scarus,frenatus,22,,
10,M,3,Chlorurus,sordidus,16,,
10,M,3,Chlorurus,sordidus,17,,
10,M,3,Chlorurus,sordidus,15,,
10,M,3,Chlorurus,sordidus,16,,
10,M,4,Scarus,spinus,21,,
10,M,4,Scarus,forsteni,28,,
10,M,4,Chlorurus,sordidus,17,,
10,M,4,Chlorurus,sordidus,15,,
10,M,4,Scarus,globiceps,17,,
10,M,4,Scarus,globiceps,16,,
10,M,4,Chlorurus,sordidus,14,,
10,M,4,Chlorurus,sordidus,15,,
10,M,4,Chlorurus,sordidus,14,,
10,M,5,Chlorurus,sordidus,22,,
10,M,5,Scarus,niger,19,,
10,M,5,Scarus,niger,23,,
10,M,5,Chlorurus,sordidus,17,,
10,M,5,Chlorurus,sordidus,17,,
10,M,5,Chlorurus,sordidus,17,,
10,M,5,Chlorurus,sordidus,16,,
10,M,5,Chlorurus,sordidus,15,,
10,M,5,Scarus,rubroviolaceus,22,,
10,M,6,Scarus,niger,25,,
11,P,1,Chlorurus,sordidus,21,,
11,P,2,na,na,na,,
11,P,3,Chlorurus,sordidus,17,,
11,P,3,Chlorurus,sordidus,16,,
11,P,3,Chlorurus,sordidus,16,,
11,P,3,Chlorurus,sordidus,25,,
11,P,3,Chlorurus,sordidus,16,,
11,P,3,Chlorurus,sordidus,15,,
11,P,3,Chlorurus,sordidus,16,,
11,P,3,Chlorurus,sordidus,15,,
11,P,4,Chlorurus,sordidus,24,,
11,P,4,Chlorurus,sordidus,14,,
11,P,4,Chlorurus,sordidus,15,,
11,P,4,Chlorurus,sordidus,15,,
11,P,4,Scarus,dimidiatus,18,,
11,P,4,Chlorurus,sordidus,16,,
11,P,4,Chlorurus,sordidus,23,,
11,P,4,Chlorurus,sordidus,17,,
11,P,4,Chlorurus,sordidus,17,,
11,P,4,Chlorurus,sordidus,15,,
11,P,4,Chlorurus,sordidus,14,,
11,P,4,Chlorurus,sordidus,16,,
11,P,5,Chlorurus,sordidus,17,,
11,P,5,Chlorurus,sordidus,15,,
11,P,5,Chlorurus,sordidus,16,,
11,P,5,Chlorurus,sordidus,15,,
11,P,5,Chlorurus,sordidus,15,,
11,P,5,Chlorurus,sordidus,16,,
11,P,5,Chlorurus,sordidus,25,,
11,P,5,Chlorurus,sordidus,24,,
11,P,5,Chlorurus,sordidus,22,,
11,P,5,Chlorurus,sordidus,18,,
11,P,5,Chlorurus,sordidus,16,,
11,P,5,Chlorurus,sordidus,17,,
11,P,5,Chlorurus,sordidus,16,,
11,P,5,Chlorurus,sordidus,16,,
11,P,6,Chlorurus,sordidus,17,,
11,P,6,Chlorurus,sordidus,16,,
12,J,1,Scarus,psittacus,18,,
12,J,1,Scarus,psittacus,22,,
12,J,1,Chlorurus,bleekeri,21,,
12,J,1,Scarus,niger,19,,
12,J,1,Scarus,dimidiatus,17,,
12,J,1,Scarus,rubroviolaceus,19,,
12,J,1,Scarus,dimidiatus,24,,
12,J,1,Chlorurus,bleekeri,31,,
12,J,1,Scarus,globiceps,23,,
12,J,1,Chlorurus,sordidus,16,,
12,J,1,Scarus,globiceps,22,,
12,J,1,Scarus,globiceps,24,,
12,J,1,Chlorurus,sordidus,17,,
12,J,1,Scarus,globiceps,20,,
12,J,2,Scarus,psittacus,23,,
12,J,2,Chlorurus,sordidus,17,,
12,J,2,Scarus,psittacus,21,,
12,J,2,Chlorurus,sordidus,23,?,0:32
12,J,2,Scarus,rubroviolaceus,31,,
12,J,2,Scarus,rubroviolaceus,27,,
12,J,2,Chlorurus,sordidus,15,,
12,J,2,Scarus,rubroviolaceus,19,,
12,J,2,Chlorurus,sordidus,16,,
12,J,2,Scarus,niger,20,,
12,J,2,Scarus,psittacus,22,,
12,J,2,Chlorurus,sordidus,24,?,0:32
12,J,2,Chlorurus,sordidus,18,,
12,J,3,Chlorurus,sordidus,16,,
12,J,3,Chlorurus,sordidus,15,,
12,J,3,Chlorurus,sordidus,14,,
12,J,3,Chlorurus,sordidus,16,,
12,J,3,Chlorurus,sordidus,17,,
12,J,4,Scarus,dimidiatus,15,,
12,J,4,Scarus,dimidiatus,14,,
12,J,4,Scarus,dimidiatus,24,,
12,J,4,Scarus,sordidus,20,,
12,J,4,Scarus,sordidus,18,,
12,J,4,Scarus,oviceps,19,,
12,J,4,Chlorurus,sordidus,16,,
12,J,4,Chlorurus,sordidus,17,,
12,J,4,Chlorurus,sordidus,21,,
12,J,4,Chlorurus,sordidus,16,,
12,J,4,Scarus,rubroviolaceus,35,,
12,J,4,Chlorurus,sordidus,24,,
12,J,5,Scarus,globiceps,23,,
12,J,5,Scarus,niger,22,,
12,J,5,Scarus,niger,22,,
12,J,5,Scarus,globiceps,23,,
12,J,5,Scarus,globiceps,22,,
12,J,5,Chlorurus,sordidus,20,,
12,J,5,Chlorurus,sordidus,19,,
12,J,5,Chlorurus,sordidus,18,,
12,J,5,Chlorurus,sordidus,23,,
12,J,5,Scarus,globiceps,22,,
12,J,5,Scarus,altipinnis,45,,
12,J,5,Scarus,altipinnis,43,,
12,J,5,Scarus,altipinnis,48,,
12,J,5,Scarus,rivulatus,26,,
12,J,5,Scarus,rivulatus,27,,
12,J,5,Scarus,rivulatus,26,,
12,J,5,Scarus,altipinnis,34,,
12,J,5,Scarus,niger,28,,
12,J,6,Scarus,niger,28,,
12,J,6,Scarus,dimidiatus,25,,
12,J,6,Scarus,dimidiatus,24,,
12,J,6,Scarus,dimidiatus,27,,
12,J,6,Scarus,rivulatus,35,,
12,J,6,Scarus,rivulatus,38,,
12,J,6,Scarus,rivulatus,40,,
12,J,6,Scarus,rivulatus,42,,
12,J,6,Scarus,rivulatus,37,,
12,J,6,Scarus,rivulatus,36,,
12,J,6,Scarus,rivulatus,41,,
12,J,6,Scarus,rivulatus,37,,
12,J,6,Chlorurus,microrhinos,40,,
12,J,6,Scarus,altipinnis,45,,
12,J,6,Scarus,altipinnis,51,,
12,J,6,Scarus,altipinnis,46,,
12,J,6,Scarus,altipinnis,47,,
12,J,6,Scarus,altipinnis,43,,
12,J,6,Scarus,altipinnis,49,,
12,J,6,Scarus,altipinnis,52,,
12,J,6,Scarus,altipinnis,48,,
12,J,6,Scarus,altipinnis,47,,
12,J,6,Scarus,altipinnis,51,,
12,J,6,Scarus,altipinnis,50,,
12,J,6,Scarus,altipinnis,44,,
12,J,6,Scarus,altipinnis,45,,
12,J,6,Scarus,altipinnis,49,,
12,J,6,Scarus,altipinnis,48,,
12,J,6,Scarus,altipinnis,50,,
12,J,6,Scarus,altipinnis,45,,
12,J,6,Scarus,altipinnis,48,,
12,J,6,Scarus,altipinnis,50,,
12,J,6,Scarus,altipinnis,48,,
12,J,6,Scarus,altipinnis,47,,
12,J,6,Scarus,altipinnis,52,,
12,J,6,Scarus,niger,30,,
12,J,6,Scarus,niger,28,,
12,J,6,Scarus,niger,29,,
12,J,6,Scarus,niger,30,,
12,J,6,Scarus,dimidiatus,21,,
12,J,6,Scarus,dimidiatus,23,,
12,J,6,Scarus,sordidus,23,,
12,J,6,Scarus,oviceps,24,,
12,J,6,Scarus,niger,18,,
12,J,6,Chlorurus,sordidus,17,,
12,J,6,Scarus,spinus,19,,
13,V,1,Chlorurus,sordidus,16,,
13,V,1,Chlorurus,sordidus,17,,
13,V,1,Chlorurus,sordidus,16,,
13,V,1,Chlorurus,sordidus,16,,
13,V,1,Chlorurus,sordidus,15,,
13,V,1,Chlorurus,sordidus,16,,
13,V,1,Chlorurus,sordidus,14,,
13,V,1,Chlorurus,sordidus,16,,
13,V,1,Chlorurus,sordidus,17,,
13,V,1,Chlorurus,sordidus,16,,
13,V,1,Chlorurus,sordidus,24,,
13,V,1,Chlorurus,sordidus,16,,
13,V,1,Scarus,dimidiatus,22,,
13,V,1,Chlorurus,sordidus,17,,
13,V,1,Chlorurus,sordidus,23,,
13,V,1,Chlorurus,sordidus,16,,
13,V,1,Chlorurus,sordidus,16,,
13,V,1,Chlorurus,sordidus,15,,
13,V,1,Chlorurus,sordidus,16,,
13,V,1,Chlorurus,sordidus,17,,
13,V,1,Chlorurus,sordidus,14,,
13,V,1,Chlorurus,sordidus,13,,
13,V,1,Chlorurus,sordidus,15,,
13,V,1,Chlorurus,sordidus,16,,
13,V,1,Chlorurus,sordidus,15,,
13,V,1,Chlorurus,sordidus,14,,
13,V,1,Chlorurus,sordidus,16,,
13,V,1,Chlorurus,sordidus,15,,
13,V,1,Chlorurus,sordidus,15,,
13,V,2,Chlorurus,sordidus,16,,
13,V,2,Chlorurus,sordidus,17,,
13,V,2,Chlorurus,sordidus,17,,
13,V,2,Chlorurus,sordidus,16,,
13,V,2,Chlorurus,sordidus,16,,
13,V,2,Chlorurus,sordidus,16,,
13,V,2,Chlorurus,sordidus,15,,
13,V,2,Chlorurus,sordidus,17,,
13,V,2,Chlorurus,sordidus,16,,
13,V,2,Chlorurus,sordidus,24,,
13,V,2,Chlorurus,sordidus,16,,
13,V,2,Chlorurus,sordidus,16,,
13,V,2,Chlorurus,sordidus,17,,
13,V,2,Chlorurus,sordidus,15,,
13,V,2,Chlorurus,sordidus,16,,
13,V,2,Chlorurus,sordidus,16,,
13,V,2,Chlorurus,sordidus,14,,
13,V,2,Chlorurus,sordidus,18,,
13,V,2,Chlorurus,sordidus,16,,
13,V,2,Chlorurus,sordidus,16,,
13,V,2,Chlorurus,sordidus,16,,
13,V,2,Chlorurus,sordidus,14,,
13,V,2,Chlorurus,sordidus,15,,
13,V,2,Chlorurus,sordidus,16,,
13,V,2,Chlorurus,sordidus,16,,
13,V,2,Scarus,psittacus,15,,
13,V,2,Scarus,psittacus,16,,
13,V,2,Chlorurus,sordidus,22,,
13,V,2,Chlorurus,sordidus,22,,
13,V,2,Chlorurus,sordidus,13,,
13,V,2,Chlorurus,sordidus,14,,
13,V,2,Chlorurus,sordidus,15,,
13,V,2,Chlorurus,sordidus,16,,
13,V,2,Chlorurus,sordidus,17,,
13,V,2,Chlorurus,sordidus,16,,
13,V,2,Chlorurus,sordidus,17,,
13,V,2,Chlorurus,sordidus,16,,
13,V,2,Chlorurus,sordidus,15,,
13,V,2,Chlorurus,sordidus,14,,
13,V,2,Chlorurus,sordidus,13,,
13,V,2,Chlorurus,sordidus,14,,
13,V,2,Chlorurus,sordidus,14,,
13,V,2,Chlorurus,sordidus,13,,
13,V,2,Chlorurus,sordidus,12,,
13,V,2,Chlorurus,sordidus,15,,
13,V,2,Chlorurus,sordidus,16,,
13,V,2,Chlorurus,sordidus,17,,
13,V,2,Chlorurus,sordidus,16,,
13,V,2,Chlorurus,sordidus,17,,
13,V,2,Chlorurus,sordidus,16,,
13,V,2,Chlorurus,sordidus,15,,
13,V,2,Chlorurus,sordidus,15,,
13,V,2,Chlorurus,sordidus,14,,
13,V,2,Chlorurus,sordidus,15,,
13,V,2,Chlorurus,sordidus,16,,
13,V,2,Chlorurus,sordidus,13,,
13,V,2,Chlorurus,sordidus,14,,
13,V,2,Chlorurus,sordidus,15,,
13,V,2,Chlorurus,sordidus,16,,
13,V,2,Chlorurus,sordidus,17,,
13,V,2,Chlorurus,sordidus,15,,
13,V,2,Chlorurus,sordidus,16,,
13,V,2,Chlorurus,sordidus,17,,
13,V,2,Scarus,psittacus,23,,
13,V,2,Chlorurus,bleekeri,21,,
13,V,2,Chlorurus,bleekeri,20,,
13,V,2,Scarus,dimidiatus,15,,
13,V,2,Scarus,dimidiatus,14,,
13,V,2,Chlorurus,bleekeri,22,,
13,V,2,Scarus,dimidiatus,24,,
13,V,2,Scarus,niger,23,,
13,V,3,Chlorurus,sordidus,15,,
13,V,3,Chlorurus,sordidus,15,,
13,V,3,Chlorurus,sordidus,16,,
13,V,3,Chlorurus,sordidus,15,,
13,V,3,Scarus,psittacus,14,,
13,V,3,Scarus,psittacus,15,,
13,V,3,Chlorurus,sordidus,15,,
13,V,3,Chlorurus,sordidus,14,,
13,V,4,Chlorurus,sordidus,17,,
13,V,4,Chlorurus,sordidus,15,,
13,V,4,Chlorurus,sordidus,23,,
13,V,4,Chlorurus,sordidus,16,,
13,V,4,Chlorurus,sordidus,15,,
13,V,4,Chlorurus,sordidus,17,,
13,V,4,Chlorurus,sordidus,22,,
13,V,4,Scarus,dimidiatus,23,,
13,V,5,Chlorurus,bleekeri,28,,
13,V,5,Chlorurus,bleekeri,25,,
13,V,5,Chlorurus,sordidus,23,,
13,V,5,Scarus,psittacus,21,,
13,V,5,Scarus,schlegeli,23,,
13,V,5,Chlorurus,sordidus,16,,
13,V,5,Scarus,dimidiatus,16,,
13,V,5,Scarus,dimidiatus,23,,
13,V,5,Scarus,dimidiatus,24,,
13,V,5,Scarus,dimidiatus,25,,
13,V,5,Chlorurus,sordidus,16,,
13,V,5,Chlorurus,sordidus,16,,
13,V,5,Chlorurus,sordidus,17,,
13,V,5,Scarus,dimidiatus,23,,
13,V,5,Chlorurus,bleekeri,23,,
13,V,5,Chlorurus,bleekeri,22,,
13,V,5,Scarus,schlegeli,24,,
13,V,5,Chlorurus,sordidus,16,,
13,V,5,Chlorurus,sordidus,17,,
13,V,6,Scarus,psittacus,21,,
13,V,6,Chlorurus,bleekeri,25,,
13,V,6,Chlorurus,sordidus,13,,
13,V,6,Chlorurus,sordidus,14,,
13,V,6,Chlorurus,sordidus,13,,
13,V,6,Scarus,psittacus,17,,
13,V,6,Chlorurus,sordidus,14,,
13,V,6,Chlorurus,sordidus,14,,
13,V,6,Scarus,globiceps,24,,
14,X,1,Chlorurus,sordidus,15,,
14,X,2,Chlorurus,sordidus,15,,
14,X,2,Chlorurus,sordidus,16,,
14,X,2,Chlorurus,sordidus,16,,
14,X,2,Chlorurus,sordidus,22,,
14,X,2,Chlorurus,sordidus,21,,
14,X,2,Chlorurus,sordidus,17,,
14,X,3,Chlorurus,sordidus,17,,
14,X,3,Scarus,psittacus,18,,
14,X,3,Chlorurus,sordidus,21,,
14,X,4,Scarus,psittacus,19,,
14,X,4,Scarus,dimidiatus,23,,
14,X,4,Scarus,dimidiatus,22,,
14,X,4,Scarus,dimidiatus,18,,
14,X,4,Scarus,dimidiatus,18,,
14,X,4,Scarus,dimidiatus,19,,
14,X,4,Scarus,dimidiatus,17,,
14,X,4,Chlorurus,bleekeri,20,,
14,X,4,Chlorurus,sordidus,19,,
14,X,4,Chlorurus,sordidus,19,,
14,X,4,Chlorurus,sordidus,18,,
14,X,4,Chlorurus,sordidus,23,,
14,X,4,Chlorurus,sordidus,17,,
14,X,4,Chlorurus,sordidus,16,,
14,X,4,Chlorurus,sordidus,16,,
14,X,4,Chlorurus,sordidus,16,,
14,X,4,Chlorurus,sordidus,15,,
14,X,4,Chlorurus,sordidus,15,,
14,X,4,Chlorurus,sordidus,18,,
14,X,4,Scarus,dimidiatus,22,,
14,X,4,Chlorurus,bleekeri,25,,
14,X,5,Chlorurus,bleekeri,20,,
14,X,5,Chlorurus,sordidus,16,,
14,X,5,Chlorurus,sordidus,15,,
14,X,5,Chlorurus,sordidus,15,,
14,X,5,Chlorurus,sordidus,21,,
14,X,5,Hipposcarus,longiceps,21,,
14,X,5,Chlorurus,sordidus,18,,
14,X,5,Chlorurus,sordidus,16,,
14,X,5,Chlorurus,sordidus,17,,
14,X,5,Chlorurus,sordidus,17,,
14,X,5,Chlorurus,sordidus,18,,
14,X,5,Chlorurus,sordidus,16,,
14,X,5,Chlorurus,sordidus,15,,
14,X,5,Chlorurus,sordidus,17,,
14,X,5,Chlorurus,sordidus,17,,
14,X,6,Chlorurus,sordidus,16,,
14,X,6,Chlorurus,sordidus,17,,
14,X,6,Chlorurus,sordidus,17,,
14,X,6,Chlorurus,sordidus,14,,
15,T,1,Chlorurus,bleekeri,19,,
15,T,1,Chlorurus,bleekeri,18,,
15,T,1,Chlorurus,bleekeri,22,,
15,T,1,Chlorurus,sordidus,13,,
15,T,1,Chlorurus,sordidus,12,,
15,T,1,Scarus,niger,19,,
15,T,1,Chlorurus,sordidus,17,,
15,T,1,Scarus,psittacus,16,,
15,T,1,Scarus,psittacus,15,,
15,T,1,Chlorurus,sordidus,15,,
15,T,1,Chlorurus,sordidus,16,,
15,T,1,Chlorurus,sordidus,16,,
15,T,1,Chlorurus,sordidus,15,,
15,T,1,Chlorurus,sordidus,14,,
15,T,1,Chlorurus,sordidus,20,,
15,T,2,Chlorurus,sordidus,16,,
15,T,2,Chlorurus,sordidus,17,,
15,T,2,Chlorurus,sordidus,20,,
15,T,2,Chlorurus,sordidus,20,,
15,T,2,Chlorurus,sordidus,16,,
15,T,2,Chlorurus,sordidus,15,,
15,T,2,Chlorurus,sordidus,16,,
15,T,2,Chlorurus,sordidus,15,,
15,T,2,Chlorurus,sordidus,17,,
15,T,2,Scarus,niger,18,,
15,T,2,Chlorurus,sordidus,15,,
15,T,2,Chlorurus,sordidus,16,,
15,T,2,Chlorurus,bleekeri,18,,
15,T,2,Chlorurus,bleekeri,17,,
15,T,2,Chlorurus,sordidus,18,,
15,T,2,Chlorurus,sordidus,17,,
15,T,2,Chlorurus,sordidus,18,,
15,T,2,Chlorurus,sordidus,19,,
15,T,3,Chlorurus,sordidus,12,,
15,T,3,Chlorurus,sordidus,12,,
15,T,3,Chlorurus,sordidus,13,,
15,T,3,Chlorurus,sordidus,14,,
15,T,3,Chlorurus,sordidus,13,,
15,T,3,Chlorurus,sordidus,14,,
15,T,3,Chlorurus,sordidus,15,,
15,T,3,Chlorurus,sordidus,15,,
15,T,3,Chlorurus,sordidus,16,,
15,T,3,Chlorurus,sordidus,16,,
15,T,3,Chlorurus,bleekeri,16,,
15,T,3,Chlorurus,sordidus,17,,
15,T,3,Chlorurus,sordidus,15,,
15,T,3,Chlorurus,sordidus,16,,
15,T,3,Chlorurus,sordidus,17,,
15,T,3,Scarus,psittacus,18,,
15,T,3,Chlorurus,sordidus,16,,
15,T,4,Chlorurus,sordidus,16,,
15,T,4,Chlorurus,sordidus,14,,
15,T,4,Chlorurus,sordidus,15,,
15,T,4,Chlorurus,sordidus,15,,
15,T,4,Chlorurus,sordidus,16,,
15,T,4,Chlorurus,sordidus,16,,
15,T,4,Chlorurus,sordidus,17,,
15,T,4,Chlorurus,sordidus,15,,
15,T,4,Chlorurus,sordidus,15,,
15,T,4,Chlorurus,sordidus,14,,
15,T,4,Chlorurus,sordidus,22,,
15,T,4,Scarus,dimidiatus,16,,
15,T,4,Chlorurus,bleekeri,19,,
15,T,4,Scarus,psittacus,19,,
15,T,4,Chlorurus,sordidus,17,,
15,T,4,Chlorurus,sordidus,16,,
15,T,4,Chlorurus,sordidus,16,,
15,T,4,Chlorurus,sordidus,14,,
15,T,4,Scarus,psittacus,20,,
15,T,4,Scarus,globiceps,19,,
15,T,5,Chlorurus,sordidus,23,,
15,T,5,Chlorurus,bleekeri,19,,
15,T,5,Chlorurus,sordidus,15,,
15,T,5,Chlorurus,sordidus,16,,
15,T,6,Chlorurus,sordidus,14,,
15,T,6,Chlorurus,sordidus,15,,
15,T,6,Chlorurus,sordidus,14,,
15,T,6,Chlorurus,sordidus,9,,
15,T,6,Chlorurus,sordidus,10,,
15,T,6,Chlorurus,sordidus,9,,
15,T,6,Chlorurus,sordidus,8,,
15,T,6,Chlorurus,sordidus,10,,
15,T,6,Chlorurus,sordidus,9,,
15,T,6,Chlorurus,sordidus,13,,
15,T,6,Chlorurus,sordidus,15,,
15,T,6,Chlorurus,sordidus,16,,
15,T,6,Chlorurus,sordidus,14,,
15,T,6,Chlorurus,sordidus,15,,
15,T,6,Chlorurus,sordidus,16,,
15,T,6,Chlorurus,dimidiatus,15,,
15,T,6,Scarus,psittacus,18,,
15,T,6,Scarus,psittacus,17,,
15,T,6,Scarus,psittacus,20,,
15,T,6,Scarus,rivulatus,19,,
15,T,6,Scarus,rivulatus,20,,
15,T,6,Scarus,rivulatus,21,,
15,T,6,Scarus,rivulatus,20,,
15,T,6,Scarus,rivulatus,20,,
15,T,6,Scarus,psittacus,19,,
16,G,1,Chlorurus,sordidus,14,,
16,G,1,Chlorurus,sordidus,13,,
16,G,1,Scarus,psittacus,19,,
16,G,1,Chlorurus,sordidus,21,,
16,G,1,Chlorurus,sordidus,23,,
16,G,1,Chlorurus,sordidus,20,,
16,G,1,Chlorurus,sordidus,23,,
16,G,1,Chlorurus,sordidus,15,,
16,G,1,Scarus,frenatus,18,,
16,G,1,Scarus,frenatus,17,,
16,G,1,Scarus,frenatus,20,,
16,G,1,Scarus,sordidus,21,,
16,G,1,Scarus,sordidus,23,,
16,G,1,Scarus,globiceps,18,,
16,G,1,Scarus,frenatus,17,,
16,G,1,Chlorurus,sordidus,22,,
16,G,1,Chlorurus,sordidus,23,,
16,G,1,Chlorurus,sordidus,23,,
16,G,1,Scarus,rubroviolaceus,24,,
16,G,1,Chlorurus,sordidus,16,,
16,G,2,Chlorurus,sordidus,14,,
16,G,2,Chlorurus,sordidus,15,,
16,G,2,Chlorurus,sordidus,16,,
16,G,2,Chlorurus,sordidus,15,,
16,G,2,Chlorurus,sordidus,22,,
16,G,2,Chlorurus,sordidus,17,,
16,G,2,Scarus,psittacus,18,,
16,G,2,Chlorurus,sordidus,15,,
16,G,2,Scarus,niger,18,,
16,G,2,Scarus,niger,19,,
16,G,3,Chlorurus,sordidus,15,,
16,G,3,Chlorurus,sordidus,15,,
16,G,3,Chlorurus,sordidus,14,,
16,G,3,Chlorurus,sordidus,13,,
16,G,3,Chlorurus,sordidus,24,,
16,G,3,Scarus,psittacus,18,,
16,G,3,Chlorurus,sordidus,21,,
16,G,3,Chlorurus,sordidus,13,,
16,G,3,Chlorurus,sordidus,14,,
16,G,3,Chlorurus,sordidus,14,,
16,G,3,Chlorurus,sordidus,14,,
16,G,3,Chlorurus,sordidus,7,,
16,G,3,Chlorurus,sordidus,21,,
16,G,3,Chlorurus,sordidus,15,,
16,G,3,Chlorurus,sordidus,13,,
16,G,3,Scarus,oviceps,23,,
16,G,4,Chlorurus,sordidus,13,,
16,G,4,Chlorurus,sordidus,13,,
16,G,4,Chlorurus,sordidus,14,,
16,G,4,Chlorurus,sordidus,15,,
16,G,4,Chlorurus,sordidus,14,,
16,G,4,Chlorurus,sordidus,13,,
16,G,4,Chlorurus,sordidus,14,,
16,G,4,Chlorurus,sordidus,14,,
16,G,4,Chlorurus,sordidus,12,,
16,G,4,Chlorurus,sordidus,11,,
16,G,4,Chlorurus,sordidus,14,,
16,G,4,Chlorurus,sordidus,15,,
16,G,4,Chlorurus,sordidus,14,,
16,G,4,Chlorurus,sordidus,14,,
16,G,4,Chlorurus,sordidus,15,,
16,G,4,Chlorurus,sordidus,13,,
16,G,4,Chlorurus,sordidus,14,,
16,G,4,Chlorurus,sordidus,14,,
16,G,4,Chlorurus,sordidus,14,,
16,G,4,Chlorurus,sordidus,14,,
16,G,4,Chlorurus,sordidus,14,,
16,G,4,Chlorurus,sordidus,12,,
16,G,4,Chlorurus,sordidus,13,,
16,G,4,Chlorurus,sordidus,13,,
16,G,4,Chlorurus,sordidus,14,,
16,G,4,Chlorurus,sordidus,14,,
16,G,4,Chlorurus,sordidus,15,,
16,G,4,Chlorurus,sordidus,22,,
16,G,4,Chlorurus,sordidus,14,,
16,G,4,Chlorurus,sordidus,15,,
16,G,4,Chlorurus,sordidus,23,,
16,G,4,Chlorurus,sordidus,14,,
16,G,4,Chlorurus,sordidus,13,,
16,G,4,Chlorurus,sordidus,13,,
16,G,4,Chlorurus,sordidus,12,,
16,G,4,Chlorurus,sordidus,12,,
16,G,4,Chlorurus,sordidus,20,,
16,G,4,Scarus,psittacus,20,,
16,G,4,Chlorurus,sordidus,13,,
16,G,5,Chlorurus,sordidus,24,,
16,G,5,Scarus,psittacus,22,,
16,G,5,Scarus,globiceps,25,,
16,G,5,Chlorurus,sordidus,13,,
16,G,5,Chlorurus,sordidus,14,,
16,G,5,Chlorurus,sordidus,15,,
16,G,5,Chlorurus,sordidus,14,,
16,G,5,Scarus,psittacus,17,,
16,G,5,Scarus,rubroviolaceus,19,,
16,G,5,Scarus,psittacus,18,,
16,G,5,Scarus,globiceps,22,,
16,G,5,Scarus,psittacus,20,,
16,G,6,Chlorurus,sordidus,13,,
16,G,6,Chlorurus,sordidus,12,,
16,G,6,Chlorurus,sordidus,14,,
16,G,6,Chlorurus,sordidus,13,,
16,G,6,Chlorurus,sordidus,20,,
16,G,6,Chlorurus,sordidus,13,,
16,G,6,Chlorurus,sordidus,14,,
16,G,6,Chlorurus,sordidus,14,,
16,G,6,Chlorurus,sordidus,21,,
16,G,6,Chlorurus,sordidus,12,,
16,G,6,Chlorurus,sordidus,11,,
16,G,6,Chlorurus,sordidus,10,,
16,G,6,Scarus,psittacus,14,,
16,G,6,Scarus,psittacus,13,,
16,G,6,Scarus,psittacus,14,,
16,G,6,Scarus,psittacus,17,,
16,G,6,Scarus,psittacus,18,,
16,G,6,Scarus,psittacus,17,,
16,G,6,Scarus,psittacus,17,,
16,G,6,Scarus,psittacus,18,,
16,G,6,Scarus,psittacus,16,,
16,G,6,Scarus,niger,17,,
16,G,6,Scarus,niger,17,,
17,U,1,Chlorurus,sordidus,15,,
17,U,1,Chlorurus,sordidus,14,,
17,U,2,Chlorurus,sordidus,15,,
17,U,2,Chlorurus,sordidus,14,,
17,U,2,Scarus,bleekeri,23,,
17,U,2,Chlorurus,sordidus,17,,
17,U,3,Scarus,dimidiatus,24,,
17,U,3,Chlorurus,sordidus,22,,
17,U,3,Chlorurus,sordidus,16,,
17,U,3,Chlorurus,sordidus,17,,
17,U,4,Chlorurus,sordidus,23,,
17,U,4,Chlorurus,sordidus,24,,
17,U,5,Scarus,globiceps,26,,
17,U,5,Chlorurus,sordidus,23,,
17,U,5,Chlorurus,sordidus,16,,
17,U,5,Chlorurus,sordidus,16,,
17,U,5,Chlorurus,sordidus,17,,
17,U,5,Chlorurus,sordidus,17,,
17,U,5,Chlorurus,sordidus,14,,
17,U,5,Chlorurus,sordidus,8,,
17,U,6,Chlorurus,sordidus,22,,
17,U,6,Chlorurus,sordidus,16,,
17,U,6,Scarus,dimidiatus,24,,
17,U,6,Scarus,rivulatus,23,,
17,U,6,Chlorurus,sordidus,17,,
17,U,6,Chlorurus,bleekeri,18,,
17,U,6,Scarus,dimidiatus,16,,
17,U,6,Chlorurus,sordidus,22,,
17,U,6,Chlorurus,bleekeri,25,,
17,U,6,Chlorurus,bleekeri,18,,
17,U,6,Chlorurus,sordidus,15,,
17,U,6,Chlorurus,sordidus,16,,
17,U,6,Chlorurus,sordidus,15,,
17,U,6,Chlorurus,sordidus,15,,
17,U,6,Chlorurus,sordidus,14,,
17,U,6,Chlorurus,sordidus,16,,
17,U,6,Scarus,dimidiatus,23,,
17,U,6,Chlorurus,bleekeri,18,,
17,U,6,Chlorurus,bleekeri,19,,
17,U,6,Chlorurus,sordidus,13,,
17,U,6,Chlorurus,sordidus,17,,
17,U,6,Scarus,niger,17,,
18,Q,1,Scarus,spinus,19,,
18,Q,1,Scarus,dimidiatus,15,,
18,Q,1,Scarus,dimidiatus,15,,
18,Q,1,Scarus,dimidiatus,22,,
18,Q,1,Chlorurus,sordidus,23,,
18,Q,1,Chlorurus,sordidus,14,,
18,Q,1,Chlorurus,sordidus,19,,
18,Q,2,Chlorurus,sordidus,21,,
18,Q,2,Scarus,niger,20,,
18,Q,2,Scarus,rivulatus,21,,
18,Q,2,Scarus,niger,21,,
18,Q,2,Chlorurus,sordidus,18,,
18,Q,2,Scarus,dimidiatus,24,,
18,Q,2,Chlorurus,dimidiatus,14,,
18,Q,2,Scarus,spinus,20,,
18,Q,2,Chlorurus,microrhinos,35,,
18,Q,2,Chlorurus,sordidus,17,,
18,Q,2,Scarus,sordidus,15,,
18,Q,2,Scarus,rivulatus,19,,
18,Q,2,Scarus,oviceps,20,,
18,Q,2,Chlorurus,sordidus,21,,
18,Q,2,Chlorurus,microrhinos,29,,
18,Q,3,Chlorurus,sordidus,21,,
18,Q,3,Chlorurus,sordidus,20,,
18,Q,3,Scarus,spinus,20,,
18,Q,3,Scarus,spinus,20,,
18,Q,3,Chlorurus,sordidus,18,,
18,Q,3,Chlorurus,sordidus,19,,
18,Q,3,Chlorurus,sordidus,21,,
18,Q,3,Scarus,psittacus,17,,
18,Q,4,Scarus,spinus,18,,
18,Q,4,Chlorurus,sordidus,16,,
18,Q,4,Chlorurus,sordidus,15,,
18,Q,4,Chlorurus,sordidus,14,,
18,Q,4,Scarus,dimidiatus,23,,
18,Q,4,Chlorurus,sordidus,20,,
18,Q,4,Chlorurus,sordidus,17,,
18,Q,4,Chlorurus,sordidus,15,,
18,Q,4,Chlorurus,sordidus,14,,
18,Q,4,Scarus,dimidiatus,14,,
18,Q,4,Chlorurus,sordidus,18,,
18,Q,4,Chlorurus,sordidus,16,,
18,Q,4,Chlorurus,sordidus,17,,
18,Q,5,Scarus,dimidiatus,25,,
18,Q,5,Scarus,dimidiatus,16,,
18,Q,5,Chlorurus,sordidus,23,,
18,Q,5,Chlorurus,sordidus,14,,
18,Q,5,Chlorurus,sordidus,17,,
18,Q,5,Scarus,dimidiatus,24,,
18,Q,5,Chlorurus,sordidus,24,,
18,Q,5,Chlorurus,sordidus,16,,
18,Q,5,Chlorurus,microrhinos,33,,
18,Q,5,Chlorurus,microrhinos,37,,
18,Q,5,Chlorurus,microrhinos,38,,
18,Q,5,Chlorurus,microrhinos,39,,
18,Q,5,Chlorurus,microrhinos,44,,
18,Q,5,Chlorurus,microrhinos,38,,
18,Q,5,Scarus,rubroviolaceus,31,,
18,Q,5,Chlorurus,sordidus,23,,
18,Q,6,Chlorurus,microrhinos,33,,
18,Q,6,Chlorurus,microrhinos,35,,
18,Q,6,Scarus,rivulatus,29,,
18,Q,6,Chlorurus,microrhinos,34,,
18,Q,6,Chlorurus,microrhinos,30,,
18,Q,6,Chlorurus,microrhinos,31,,
18,Q,6,Chlorurus,microrhinos,34,,
18,Q,6,Chlorurus,microrhinos,36,,
18,Q,6,Chlorurus,microrhinos,34,,
18,Q,6,Chlorurus,microrhinos,35,,
18,Q,6,Chlorurus,microrhinos,33,,
18,Q,6,Chlorurus,microrhinos,37,,
18,Q,6,Chlorurus,microrhinos,39,,
18,Q,6,Chlorurus,microrhinos,37,,
18,Q,6,Chlorurus,microrhinos,38,,
18,Q,6,Chlorurus,microrhinos,42,,
18,Q,6,Chlorurus,microrhinos,41,,
18,Q,6,Scarus,globiceps,27,,
18,Q,6,Scarus,globiceps,29,,
18,Q,6,Scarus,oviceps,26,,
18,Q,6,Chlorurus,sordidus,25,,
18,Q,6,Chlorurus,sordidus,15,,
18,Q,6,Chlorurus,japanensis,19,,
18,Q,6,Chlorurus,japanensis,25,,
18,Q,6,Scarus,oviceps,26,,
18,Q,6,Chlorurus,sordidus,23,,
18,Q,6,Chlorurus,sordidus,24,,
18,Q,6,Scarus,rivulatus,27,,
18,Q,6,Scarus,oviceps,21,,
18,Q,6,Scarus,festivus,29,,
18,Q,6,Scarus,rubroviolaceus,36,,
18,Q,6,Chlorurus,sordidus,19,,
18,Q,6,Scarus,spinus,18,,
18,Q,6,Chlorurus,microrhinos,35,,
18,Q,6,Chlorurus,sordidus,24,,
18,Q,6,Scarus,oviceps,20,,
18,Q,6,Scarus,oviceps,21,,
18,Q,6,Scarus,oviceps,19,,
18,Q,6,Scarus,rivulatus,28,,
18,Q,6,Chlorurus,sordidus,24,,
18,Q,6,Chlorurus,sordidus,17,,
18,Q,6,Chlorurus,sordidus,18,,
18,Q,6,Chlorurus,sordidus,16,,
18,Q,6,Chlorurus,sordidus,19,,
18,Q,6,Chlorurus,sordidus,18,,
18,Q,6,Chlorurus,sordidus,17,,
19,F,1,Chlorurus,sordidus,15,,
19,F,2,Chlorurus,sordidus,22,,
19,F,2,Chlorurus,sordidus,18,,
19,F,2,Chlorurus,sordidus,17,,
19,F,2,Chlorurus,sordidus,18,,
19,F,2,Chlorurus,sordidus,19,,
19,F,2,Chlorurus,sordidus,18,,
19,F,2,Chlorurus,sordidus,16,,
19,F,3,Scarus,rubroviolaceus,28,,
19,F,3,Scarus,rubroviolaceus,27,,
19,F,3,Chlorurus,sordidus,23,,
19,F,3,Scarus,rubroviolaceus,27,,
19,F,3,Scarus,psittacus,21,,
19,F,3,Scarus,globiceps,23,,
19,F,3,Chlorurus,sordidus,17,,
19,F,3,Scarus,spinus,20,,
19,F,3,Chlorurus,sordidus,14,,
19,F,4,Chlorurus,sordidus,16,,
19,F,4,Chlorurus,sordidus,15,,
19,F,4,Chlorurus,sordidus,14,,
19,F,4,Chlorurus,sordidus,12,,
19,F,4,Chlorurus,sordidus,12,,
19,F,4,Scarus,rubroviolaceus,24,,
19,F,5,Chlorurus,sordidus,18,,
19,F,5,Chlorurus,sordidus,17,,
19,F,5,Scarus,psittacus,23,,
19,F,5,Chlorurus,sordidus,14,,
19,F,6,Chlorurus,sordidus,14,,
19,F,6,Scarus,spinus,19,,
19,F,6,Chlorurus,sordidus,21,,
19,F,6,Scarus,frenatus,18,,
19,F,6,Scarus,niger,18,,
19,F,6,Chlorurus,sordidus,17,,
20,B,1,Scarus,niger,13,,
20,B,1,Chlorurus,sordidus,15,,
20,B,1,Chlorurus,sordidus,14,,
20,B,1,Chlorurus,sordidus,26,,
20,B,2,Scarus,niger,21,,
20,B,2,Scarus,niger,18,,
20,B,2,Chlorurus,sordidus,18,,
20,B,2,Scarus,dimidiatus,18,,
20,B,2,Scarus,dimidiatus,16,,
20,B,2,Scarus,oviceps,16,,
20,B,2,Chlorurus,sordidus,21,,
20,B,2,Chlorurus,sordidus,23,,
20,B,2,Chlorurus,sordidus,18,,
20,B,2,Chlorurus,sordidus,18,,
20,B,2,Chlorurus,sordidus,19,,
20,B,2,Chlorurus,sordidus,16,,
20,B,2,Chlorurus,sordidus,16,,
20,B,2,Chlorurus,sordidus,17,,
20,B,2,Chlorurus,sordidus,17,,
20,B,3,Chlorurus,sordidus,21,,
20,B,3,Chlorurus,sordidus,19,,
20,B,3,Scarus,rubroviolaceus,30,,
20,B,3,Chlorurus,sordidus,21,,
20,B,3,Chlorurus,sordidus,15,,
20,B,3,Chlorurus,sordidus,14,,
20,B,3,Chlorurus,sordidus,16,,
20,B,3,Chlorurus,sordidus,13,,
20,B,3,Scarus,niger,17,,
20,B,3,Chlorurus,sordidus,15,,
20,B,3,Chlorurus,sordidus,15,,
20,B,3,Chlorurus,sordidus,15,,
20,B,3,Chlorurus,sordidus,14,,
20,B,4,Scarus,globiceps,17,,
20,B,4,Scarus,globiceps,25,,
20,B,4,Scarus,oviceps,19,,
20,B,4,Scarus,oviceps,18,,
20,B,4,Scarus,niger,15,,
20,B,4,Scarus,niger,15,,
20,B,4,Chlorurus,sordidus,20,,
20,B,4,Scarus,schlegeli,24,,
20,B,5,Chlorurus,sordidus,14,,
20,B,5,Chlorurus,sordidus,15,,
20,B,5,Scarus,schlegeli,23,,
20,B,5,Chlorurus,sordidus,14,,
20,B,5,Chlorurus,sordidus,14,,
20,B,5,Chlorurus,sordidus,15,,
20,B,5,Scarus,globiceps,24,,
20,B,5,Scarus,globiceps,23,,
20,B,5,Scarus,globiceps,23,,
20,B,5,Scarus,globiceps,23,,
20,B,5,Scarus,globiceps,23,,
20,B,5,Scarus,globiceps,24,,
20,B,5,Scarus,globiceps,25,,
20,B,5,Scarus,globiceps,22,,
20,B,5,Scarus,globiceps,22,,
20,B,5,Scarus,globiceps,24,,
20,B,5,Chlorurus,sordidus,15,,
20,B,5,Chlorurus,sordidus,15,,
20,B,5,Scarus,niger,26,,
20,B,5,Scarus,niger,24,,
20,B,6,Chlorurus,sordidus,25,,
20,B,6,Chlorurus,sordidus,14,,
20,B,6,Chlorurus,sordidus,13,,
20,B,6,Chlorurus,sordidus,15,,
20,B,6,Chlorurus,sordidus,16,,
20,B,6,Chlorurus,sordidus,20,,
20,B,6,Chlorurus,sordidus,15,,
20,B,6,Chlorurus,sordidus,13,,
20,B,6,Chlorurus,sordidus,22,,
20,B,6,Scarus,psittacus,23,,
21,W,1,Scarus,sordidus,21,,
21,W,1,Scarus,dimidiatus,17,,
21,W,1,Scarus,sordidus,15,,
21,W,1,Scarus,sordidus,14,,
21,W,1,Scarus,sordidus,15,,
21,W,1,Scarus,sordidus,16,,
21,W,1,Scarus,sordidus,14,,
21,W,1,Chlorurus,bleekeri,24,,
21,W,2,Chlorurus,sordidus,15,,
21,W,2,Chlorurus,sordidus,13,,
21,W,2,Chlorurus,sordidus,14,,
21,W,2,Chlorurus,sordidus,13,,
21,W,2,Chlorurus,sordidus,12,,
21,W,2,Chlorurus,sordidus,12,,
21,W,2,Chlorurus,sordidus,15,,
21,W,2,Chlorurus,sordidus,13,,
21,W,2,Chlorurus,sordidus,14,,
21,W,2,Chlorurus,sordidus,13,,
21,W,2,Chlorurus,sordidus,15,,
21,W,2,Chlorurus,sordidus,12,,
21,W,2,Chlorurus,sordidus,22,,
21,W,2,Scarus,dimidiatus,25,,
21,W,2,Scarus,globiceps,18,,
21,W,2,Scarus,globiceps,17,,
21,W,2,Scarus,globiceps,19,,
21,W,2,Chlorurus,sordidus,23,,
21,W,2,Chlorurus,sordidus,15,,
21,W,2,Chlorurus,sordidus,13,,
21,W,2,Chlorurus,sordidus,13,,
21,W,2,Hipposcarus,longiceps,26,,
21,W,2,Hipposcarus,longiceps,29,,
21,W,2,Hipposcarus,longiceps,24,,
21,W,2,Hipposcarus,longiceps,30,,
21,W,2,Hipposcarus,longiceps,28,,
21,W,2,Hipposcarus,longiceps,27,,
21,W,2,Chlorurus,sordidus,15,,
21,W,2,Chlorurus,sordidus,16,,
21,W,3,Chlorurus,sordidus,21,,
21,W,4,Chlorurus,bleekeri,17,,
21,W,4,Chlorurus,sordidus,16,,
21,W,4,Chlorurus,sordidus,8,,
21,W,4,Chlorurus,sordidus,16,,
21,W,5,Chlorurus,sordidus,24,,
21,W,5,Scarus,dimidiatus,25,,
21,W,5,Chlorurus,sordidus,15,,
21,W,5,Chlorurus,microrhinos,22,,
21,W,5,Chlorurus,sordidus,12,,
21,W,6,Chlorurus,sordidus,9,,
21,W,6,Chlorurus,sordidus,15,,
21,W,6,Chlorurus,sordidus,22,,
22,O,1,Chlorurus,sordidus,15,,
22,O,1,Scarus,globiceps,20,,
22,O,2,Chlorurus,sordidus,16,,
22,O,2,Chlorurus,sordidus,17,,
22,O,2,Chlorurus,sordidus,18,,
22,O,2,Chlorurus,sordidus,18,,
22,O,3,Scarus,rubroviolaceus,44,,
22,O,3,Chlorurus,sordidus,16,,
22,O,4,Scarus,rubroviolaceus,25,,
22,O,4,Chlorurus,sordidus,14,,
22,O,4,Chlorurus,sordidus,8,,
22,O,4,Scarus,rubroviolaceus,37,,
22,O,4,Scarus,rubroviolaceus,22,,
22,O,5,na,na,na,,
22,O,6,Chlorurus,sordidus,19,,
22,O,6,Chlorurus,sordidus,17,,
22,O,6,Chlorurus,sordidus,14,,
22,O,6,Chlorurus,sordidus,14,,
22,O,6,Scarus,niger,23,,
22,O,6,Scarus,niger,20,,
22,O,6,Chlorurus,sordidus,18,,
23,C,1,Chlorurus,japanensis,20,,
23,C,2,Scarus,niger,21,,
23,C,2,Scarus,rubroviolaceus,29,,
23,C,2,Chlorurus,sordidus,15,,
23,C,2,Chlorurus,sordidus,16,,
23,C,3,Chlorurus,sordidus,14,,
23,C,3,Scarus,rubroviolaceus,28,,
23,C,3,Chlorurus,sordidus,22,,
23,C,3,Chlorurus,sordidus,15,,
23,C,4,Scarus,psittacus,17,,
23,C,4,Chlorurus,sordidus,16,,
23,C,4,Chlorurus,sordidus,15,,
23,C,4,Scarus,psittacus,18,,
23,C,5,Chlorurus,sordidus,15,,
23,C,5,Chlorurus,sordidus,17,,
23,C,5,Chlorurus,sordidus,16,,
23,C,6,Scarus,rubroviolaceus,24,,
23,C,6,Chlorurus,sordidus,15,,
23,C,6,Chlorurus,sordidus,16,,
23,C,6,Chlorurus,japanensis,18,,
24,A,1,Chlorurus,sordidus,20,,
24,A,1,Chlorurus,sordidus,20,,
24,A,1,Chlorurus,sordidus,16,,
24,A,1,Chlorurus,sordidus,14,,
24,A,1,Chlorurus,sordidus,15,,
24,A,1,Chlorurus,sordidus,13,,
24,A,1,Chlorurus,sordidus,12,,
24,A,1,Chlorurus,sordidus,13,,
24,A,1,Chlorurus,sordidus,13,,
24,A,1,Scarus,psittacus,12,,
24,A,1,Chlorurus,sordidus,23,,
24,A,1,Chlorurus,sordidus,15,,
24,A,1,Chlorurus,sordidus,16,,
24,A,1,Chlorurus,sordidus,17,,
24,A,1,Chlorurus,sordidus,16,,
24,A,1,Chlorurus,sordidus,16,,
24,A,1,Chlorurus,sordidus,15,,
24,A,1,Chlorurus,sordidus,16,,
24,A,1,Chlorurus,sordidus,16,,
24,A,1,Scarus,rubroviolaceus,21,,
24,A,1,Chlorurus,sordidus,23,,
24,A,1,Chlorurus,sordidus,19,,
24,A,1,Chlorurus,microrhinos,28,,
24,A,2,Chlorurus,sordidus,22,,
24,A,2,Scarus,niger,19,,
24,A,2,Chlorurus,sordidus,15,,
24,A,2,Chlorurus,sordidus,17,,
24,A,2,Scarus,globiceps,23,,
24,A,2,Chlorurus,sordidus,16,,
24,A,2,Chlorurus,sordidus,21,,
24,A,2,Chlorurus,sordidus,15,,
24,A,2,Chlorurus,sordidus,16,,
24,A,2,Scarus,niger,18,,
24,A,2,Chlorurus,sordidus,14,,
24,A,2,Chlorurus,sordidus,15,,
24,A,2,Chlorurus,sordidus,14,,
24,A,2,Scarus,globiceps,24,,
24,A,3,Chlorurus,sordidus,21,,
24,A,3,Chlorurus,sordidus,20,,
24,A,3,Chlorurus,sordidus,15,,
24,A,3,Chlorurus,sordidus,16,,
24,A,3,Chlorurus,sordidus,15,,
24,A,3,Chlorurus,sordidus,14,,
24,A,3,Scarus,niger,19,,
24,A,3,Scarus,niger,24,,
24,A,3,Chlorurus,sordidus,15,,
24,A,3,Chlorurus,sordidus,15,,
24,A,3,Chlorurus,sordidus,16,,
24,A,3,Scarus,globiceps,24,,
24,A,3,Scarus,globiceps,23,,
24,A,3,Scarus,psittacus,15,,
24,A,3,Chlorurus,sordidus,17,,
24,A,3,Chlorurus,sordidus,16,,
24,A,3,Chlorurus,sordidus,16,,
24,A,3,Chlorurus,sordidus,14,,
24,A,3,Chlorurus,sordidus,15,,
24,A,3,Scarus,niger,18,,
24,A,4,Chlorurus,sordidus,15,,
24,A,4,Chlorurus,sordidus,15,,
24,A,4,Chlorurus,sordidus,14,,
24,A,4,Chlorurus,sordidus,24,,
24,A,4,Chlorurus,sordidus,18,,
24,A,4,Chlorurus,sordidus,17,,
24,A,4,Chlorurus,sordidus,17,,
24,A,4,Chlorurus,sordidus,14,,
24,A,4,Chlorurus,sordidus,15,,
24,A,5,Chlorurus,sordidus,15,,
24,A,5,Chlorurus,sordidus,14,,
24,A,5,Chlorurus,sordidus,15,,
24,A,5,Chlorurus,sordidus,20,,
24,A,5,Chlorurus,sordidus,14,,
24,A,5,Chlorurus,sordidus,15,,
24,A,5,Chlorurus,sordidus,14,,
24,A,5,Chlorurus,sordidus,16,,
24,A,5,Chlorurus,sordidus,15,,
24,A,5,Chlorurus,sordidus,21,,
24,A,5,Chlorurus,sordidus,22,,
24,A,5,Chlorurus,sordidus,17,,
24,A,5,Chlorurus,sordidus,24,,
24,A,6,Chlorurus,sordidus,17,,
24,A,6,Chlorurus,sordidus,15,,
24,A,6,Scarus,globiceps,26,,
24,A,6,Chlorurus,sordidus,14,,
24,A,6,Scarus,oviceps,17,,
24,A,6,Chlorurus,sordidus,21,,
24,A,6,Chlorurus,sordidus,16,,
24,A,6,Scarus,niger,20,,
24,A,6,Chlorurus,sordidus,16,,
24,A,6,Chlorurus,sordidus,15,,
24,A,6,Scarus,rubroviolaceus,25,,
24,A,6,Chlorurus,sordidus,15,,
24,A,6,Chlorurus,sordidus,16,,
24,A,6,Chlorurus,sordidus,17,,
24,A,6,Chlorurus,sordidus,23,,
